{"cameraMode":{"drawMode":0,"name":"Shaded","section":"Shading Mode"},"sceneLighting":true,"audioPlay":false,"sceneViewState":{"m_AlwaysRefresh":false,"showFog":true,"showSkybox":true,"showFlares":true,"showImageEffects":true,"showParticleSystems":true,"showVisualEffectGraphs":true,"m_FxEnabled":true},"in2DMode":false,"pivot":{"x":1.5573457479476929,"y":10.194354057312012,"z":16.5412654876709},"rotation":{"x":0.22634409368038178,"y":-0.0003229091234970838,"z":0.000025938086764654145,"w":0.974101722240448},"size":4.743014812469482,"orthographic":false}